{
    "install": "messages/install.txt",
    "1.2.0": "messages/1.2.0.txt",
    "1.3.0": "messages/1.3.0.txt",
    "1.4.0": "messages/1.4.0.txt",
    "2.0.0": "messages/2.0.0.txt",
    "2.0.1": "messages/2.0.1.txt",
    "2.0.2": "messages/2.0.2.txt",
    "2.0.3": "messages/2.0.3.txt",
    "2.0.4": "messages/2.0.4.txt",
    "2.0.5": "messages/2.0.5.txt",
    "2.0.6": "messages/2.0.6.txt",
    "2.1.0": "messages/2.1.0.txt",
    "2.1.1": "messages/2.1.1.txt",
    "2.1.2": "messages/2.1.2.txt",
    "2.1.3": "messages/2.1.3.txt",
    "2.1.4": "messages/2.1.4.txt",
    "2.1.5": "messages/2.1.5.txt",
    "2.1.6": "messages/2.1.6.txt",
    "2.1.7": "messages/2.1.7.txt"
}